fornecedor_id,nome,contato
1,Stein-Young,727.457.4153x47251
2,"Weiss, Benitez and Moss",254-465-6291x917
3,Dean and Sons,240-633-7230x426
4,Gutierrez-Horton,001-710-573-6632x7922
5,"Young, Reed and Carrillo",+1-952-271-3409x6011
6,Flores Group,(443)627-0710x4139
7,"Ponce, Pitts and Allen",372.941.8543x13482
8,Pennington-Kerr,717.624.7010
9,"Gallagher, Gonzales and Miller",001-776-320-0424x16414
10,"Davis, Sanchez and Waters",684.827.8352x203
11,Vasquez Group,608-942-2059x84899
12,"Brown, Griffin and Pierce",+1-483-713-0670x50798
13,"Walker, Thomas and Anderson",(385)204-6887
14,"Keith, Greene and Smith",388.840.9550x2122
15,"Fox, Daniels and James",+1-505-336-7038x1430
16,Price-Williams,001-210-898-0024x516
17,Fischer PLC,678.209.1979x17557
18,Chapman-Moss,(346)588-4337x832
19,Lopez-Chang,+1-659-436-5684x20382
20,Maynard-Hendrix,(528)972-0255
21,Whitaker Group,+1-570-494-4682x5521
22,"Martinez, Estrada and Obrien",513-531-4629x98453
23,"Gonzales, Ortega and Jackson",315-863-5707x8185
24,Williams-Williams,401.202.6667
25,Johnson and Sons,001-205-539-6595
26,Lee Group,(958)792-9901x7876
27,"Floyd, Welch and Burnett",001-920-872-9927x6047
28,Rose Group,(775)878-7765
29,Olson-Wilson,590.574.6833
30,Smith LLC,582.708.2313x93714
31,Ortega Ltd,650-599-4560x71632
32,Sims and Sons,(333)940-8230
33,Smith-Thomas,(775)590-4492
34,Wood Inc,(989)534-1449x1260
35,"Griffith, Hill and Morales",776-635-1351x5516
36,"Perez, Sanders and Davis",+1-949-732-6749x6034
37,"Clark, Moore and Crawford",+1-984-471-5441
38,Jones Inc,5995148171
39,Davis and Sons,930-408-8550
40,Mcdaniel Inc,+1-217-487-3121x91686
41,Martin-Kelly,558-819-5130x12664
42,Ramirez-Davis,877.819.9918x53674
43,Ortega and Sons,402-794-5381x633
44,"Sullivan, Carpenter and Murphy",001-262-966-3363
45,Fitzpatrick and Sons,487.293.6492x66836
46,"Coffey, Johnson and Watson",(305)390-1897x166
47,Kent-Estrada,(409)487-6035x76564
48,Dawson-Stewart,+1-712-299-7682x62815
49,Harris PLC,001-404-299-5557x949
50,Schmidt PLC,683.828.2843x77233
51,"Adams, Oneill and Fisher",001-290-527-2764x30568
52,"Guerrero, Reyes and Torres",001-460-734-9069
53,"Hines, Horton and Ellis",575.382.1050x53847
54,White-Kelley,566-470-9273x4453
55,Colon-Cruz,938-619-3501
56,"Hunt, Mills and Williams",(384)485-7174
57,Gill Group,882-574-6204
58,Gardner Inc,610-273-4561
59,Dixon Ltd,+1-945-556-8130x1194
60,"Sims, Dawson and Fisher",+1-713-710-5995x047
61,Ruiz LLC,+1-291-445-4129x60935
62,Brown and Sons,612-434-1503x28713
63,Hoffman-Hall,(688)438-1703
64,Jefferson-Porter,745-918-5601
65,"Hughes, Cox and Paul",326-588-5298x6205
66,Gregory LLC,460.679.1301
67,Tran LLC,+1-382-519-7459x03349
68,Gibson-Murray,(766)818-2756x90733
69,Morris-Mcgee,(452)629-0685
70,"Koch, Moore and Mitchell",001-677-739-1212x5538
71,"Barber, Kim and Brown",369.751.9477x306
72,"Marquez, Patrick and Thomas",356-792-5587
73,"Clark, Archer and Boyd",001-574-507-5781x571
74,"Pierce, Ho and Fowler",+1-641-949-9553x417
75,Campbell PLC,+1-666-258-1176
76,"Maxwell, Buchanan and Molina",642.644.4062x815
77,Flores Inc,001-631-798-1588x3238
78,"Flores, Ferguson and Salazar",875-985-0852
79,Diaz-Coffey,482-821-3708x393
80,Phillips Inc,001-501-538-1200x57256
81,Roy-Owens,001-224-557-8918x0843
82,Patterson PLC,+1-879-831-6480x238
83,Thomas and Sons,837-610-1649
84,Nelson-Sanders,226.414.9797x20679
85,"Keller, Compton and Fox",(842)810-8859x57644
86,"Miller, Stephens and Shaw",580.342.7804
87,Smith PLC,+1-598-893-7082x53434
88,Dougherty LLC,7068214198
89,Welch Inc,3734133024
90,Fields Group,802-538-8154
91,Smith-Leblanc,(797)950-3900x70522
92,Anderson Inc,814-519-0017
93,Black Ltd,+1-794-495-5320x0845
94,Li Inc,723.838.0422
95,"Burgess, Reyes and Fisher",001-326-358-8959
96,"Davis, Williams and Nelson",001-932-603-1964
97,Gray-Russell,433-341-7886x620
98,Perez-Riley,6845369304
99,Smith-Patel,(709)297-8683x8342
100,Wagner-Jacobs,9714278039
101,Lee LLC,001-634-762-0173x626
102,"Cabrera, Meadows and Murphy",919.720.6214x32177
103,Wright-White,626.723.5053
104,"Pham, Bradley and Nielsen",001-606-342-3045x18586
105,Adkins Ltd,001-815-561-4692x171
106,Hansen Ltd,446.781.2284x501
107,"Stokes, Durham and Davis",375-589-0606
108,Cruz LLC,001-563-639-9587x7219
109,Mathews-Wheeler,001-251-360-3449x07696
110,Massey Group,634.967.1750x56164
111,"Walker, Taylor and Smith",+1-306-289-2889x9786
112,White and Sons,722.834.6689
113,Macdonald-Burns,+1-372-887-0324x227
114,Shepherd PLC,+1-452-470-9127x212
115,Snow Inc,(365)570-0323x71362
116,Evans-Cox,001-363-655-5643x49939
117,King-White,(244)443-4331
118,"Cooper, James and Holt",834.405.8290x150
119,"Brown, Williams and Rivera",+1-969-519-7222
120,Rodgers PLC,3662656843
121,"Marsh, Miller and Le",001-633-913-0160x0656
122,"Smith, Miller and Perry",708.728.9600x134
123,Osborn LLC,+1-454-791-2820x1266
124,Cole-Evans,+1-742-654-0685x78514
125,Walker-Weeks,674-231-9371
126,"Solis, Morris and Sullivan",8739273322
127,"Price, Dougherty and Garrison",348-964-6033x5972
128,"Martin, Smith and George",+1-314-622-7752
129,"Hicks, Jordan and Keller",001-773-755-5705x2655
130,Garrison-Clark,2079952701
131,"Brooks, Martin and Jackson",6466158826
132,"Howell, Evans and Grant",+1-781-774-0945x4801
133,Edwards LLC,(679)209-4090x48180
134,Rodriguez PLC,001-373-980-3893x0391
135,Moore-Williams,001-478-838-5445x680
136,"Moore, Murray and Henry",9293304411
137,Miller-Clark,(317)463-7271x495
138,Saunders-Nelson,495.772.1253
139,"Olson, Ford and Sellers",920.328.1876x402
140,Fernandez Inc,001-256-747-8400x104
141,Roberts-Cohen,+1-468-217-3070
142,Watson-Dominguez,943.343.6494
143,Brown LLC,3766661400
144,Green-Miller,+1-619-518-4326x09481
145,Gomez Ltd,(328)349-4040
146,Williams-Little,379-491-6584x929
147,Brown Inc,+1-678-503-0016x03934
148,Roberts Inc,319-993-2093x541
149,"Garcia, Garcia and Valenzuela",911-413-0996
150,"Oconnor, Williams and Cantu",(606)548-0159x9865
151,"Guerra, Harvey and Moore",(257)709-7486x4669
152,"Rodriguez, Thompson and Kramer",001-241-842-2906x5298
153,Bell-Obrien,+1-895-710-2078x40115
154,Davis-Vasquez,499-815-4324x82525
155,Ramos-Tucker,605.559.3478
156,"Vasquez, Roberts and Thornton",(951)568-8621x77740
157,Carter-Lewis,(479)207-1597x752
158,"Davis, Griffith and Dixon",(941)789-2896
159,"Cross, Rodriguez and Friedman",+1-681-733-1492x70794
160,"Schultz, Marquez and Williams",550-363-8108x564
161,Roth-Alvarez,+1-827-832-5710x10751
162,Mcguire LLC,(451)287-3919x058
163,"Davis, Williams and Gibbs",717.214.4727
164,Barr-Thomas,+1-864-842-3818x90914
165,Gray-Thompson,(583)418-4767x737
166,"Luna, Jones and Horne",990.671.0489x7625
167,Torres and Sons,278.750.0423x27671
168,Clark-Schneider,001-222-555-1455x88293
169,"Garcia, Alvarado and Sutton",340-966-6653
170,Mata Ltd,+1-384-289-5196x0043
171,"Wolfe, Santiago and Bell",(805)892-5782x73226
172,"Herrera, Huynh and Morris",297.528.6698
173,Gray LLC,996.660.7843x6052
174,Brown-Moyer,+1-373-547-5382
175,Goodwin PLC,(288)430-6020x357
176,Hill-Rice,325-963-0569x9737
177,"Cruz, Gonzalez and Brooks",670.311.3166
178,"Miller, Wilson and Brown",001-835-921-0018x63370
179,Smith Inc,(590)921-8267
180,"Clark, Lloyd and Castillo",708-960-3579x250
181,Obrien-Williams,572-660-3097x213
182,Heath-Welch,412.754.6453x38579
183,"Johnson, Gillespie and Peterson",001-330-618-7795x7308
184,Harris-Mueller,633-422-7240
185,Kidd and Sons,(427)817-1529
186,Johnston and Sons,001-226-323-7155
187,"Becker, Smith and Williams",798-523-6648x222
188,"Moore, Rodriguez and Jackson",(587)461-7522x34595
189,Schultz Ltd,981.240.1436x78957
190,Johnson and Sons,666.583.2966
191,Garcia-Carter,359.448.6556x4956
192,Holden Group,+1-531-932-4755x18965
193,"Jones, Turner and Lopez",001-560-951-5154x447
194,Vega-Stevenson,840.470.3438
195,"Kelley, Spence and Blanchard",(527)702-3248x642
196,"Holland, Bell and Sandoval",844-885-1787
197,"Clements, Kim and Santiago",343.456.1383
198,Bush LLC,959-893-4342x491
199,Williams-Campbell,001-952-890-8036
200,Ali PLC,+1-325-642-2364x6037
201,Dean Inc,+1-458-498-5739
202,"Myers, Greene and Ellis",(201)866-6975
203,Houston PLC,298.381.4005
204,"Warren, Watson and Vazquez",3653480876
205,Wells-Perez,328.716.7045x3350
206,Conrad-Hernandez,911.821.4793
207,"Richards, Delacruz and Phillips",805-422-5454x8442
208,"Richardson, Morrow and Carter",851-391-9895
209,Beck-Harrison,+1-659-691-4817x6667
210,Warren LLC,001-827-228-7554x168
211,Rogers Inc,+1-578-521-4672
212,May-Sandoval,783-743-0226x1710
213,Carroll and Sons,(805)325-5112
214,Lawson-Robertson,888-516-4102x36857
215,Jackson LLC,310-859-2679
216,"Reese, Collins and Strong",508-533-6005
217,Mitchell and Sons,8772635493
218,Ryan-Carpenter,647.402.4301
219,Smith-Fisher,771.724.2711x205
220,Castro Ltd,(880)810-9598x19961
221,Davis Inc,945.536.3880
222,Moore-Gonzalez,444-388-9743x2431
223,Taylor-Morales,+1-561-824-6607x6475
224,"Cunningham, Jenkins and Williamson",3229491908
225,Cohen-Donaldson,235.367.4578
226,"Hawkins, Daugherty and Bentley",(726)585-4052x501
227,Carroll Inc,887-768-5362x8577
228,Burke and Sons,446.589.4903x05771
229,Collins Inc,(332)793-8932
230,Green Inc,4046562648
231,"Jackson, Morrison and Herrera",(961)738-6440x9791
232,"Terry, Guerrero and Gilmore",917.858.5615
233,Hernandez-Martin,+1-564-948-4599x892
234,Davis-Knapp,(671)513-2810
235,Shaw-Miller,(637)295-6823x927
236,Wiggins-Hunt,001-559-785-8921x10746
237,"Jefferson, Vasquez and Jenkins",001-368-201-9586
238,"Tran, Marshall and Scott",865.378.9484x7468
239,Byrd Group,001-759-230-3283x6932
240,Norton Group,303-637-5502x519
241,Holt and Sons,(459)676-0877x9197
242,Carter-Burgess,799-422-7145x9679
243,Torres-Lane,001-216-602-6265x7914
244,"Roberts, Huffman and Wilson",+1-754-231-8169
245,"Taylor, Stanley and Harrison",3174330482
246,Ferguson Inc,7154597296
247,Shannon and Sons,(688)414-8693x33971
248,Combs-Robbins,928-460-2670x087
249,Henry and Sons,+1-778-312-6302x4890
250,Smith LLC,593-230-3872x70545
251,Fletcher Inc,+1-820-323-7948x7111
252,Lam-White,370-489-0726
253,Richardson-Ruiz,231.823.0201x69794
254,"Espinoza, Dominguez and Campbell",630.834.8061x2626
255,"Thomas, Figueroa and Lowe",+1-208-762-5116x9522
256,"Gutierrez, Henderson and Martin",559-250-7643x16692
257,"Mills, Barnes and Klein",368-405-7037
258,"Martinez, Mckinney and Strong",429-750-7884x7199
259,Chen-Flores,591.948.7547x70267
260,Torres-Strong,725.293.3462x49059
261,Montes-Russell,591.538.8794x037
262,Ochoa LLC,+1-232-249-2100
263,"Giles, Moore and Thomas",(707)280-2562x77404
264,Bowen Inc,+1-305-635-9658x14612
265,Anderson-Ross,001-208-518-2681x439
266,Foley-Rice,(533)542-8775x684
267,Taylor-Carpenter,297-847-6217x6432
268,"Abbott, Dougherty and Anderson",001-880-565-9787x267
269,Myers-Norton,8552669806
270,Decker-Ingram,+1-873-218-6588x77419
271,Sheppard Inc,(611)474-7384x647
272,Baker Group,(306)735-9435x45244
273,Carlson-Garcia,240-374-7797
274,Brown-Baker,(675)924-4441
275,"Martin, Rivers and Rodriguez",+1-456-836-2358x7730
276,Martin-Smith,555-787-9371
277,Simmons LLC,+1-511-530-1252
278,"Pierce, Vasquez and Russell",(570)454-9939
279,Nolan-Brown,640.762.2696x036
280,Hoffman-Banks,+1-486-895-4256x800
281,Miles-Kennedy,3389662269
282,Smith-Richard,(384)844-9283
283,"Shaw, Gonzalez and Moore",+1-888-372-1810x4537
284,Brown-Lindsey,(398)758-9376
285,Riley-Reynolds,810.816.9299x44662
286,Maldonado Ltd,001-679-574-4743x41259
287,Harris Group,244-997-3777
288,"Zamora, Sanchez and Guzman",(719)643-9152
289,Keller-Carr,+1-279-315-3795
290,"Grimes, Williamson and Raymond",495-583-8042x070
291,"Roberson, Mcdonald and Ellis",(290)632-2943
292,Clark-Montgomery,259-601-2671
293,"Hunt, Blair and Lee",001-625-777-0500x447
294,Brown LLC,001-490-698-5184x44146
295,Case-Nixon,(471)424-1760x5831
296,"Rowe, Brandt and Lara",001-293-309-2056x343
297,Holloway and Sons,330.638.5043x05182
298,"Johnston, Monroe and Bartlett",(801)820-8329x76543
299,Johnson-Clark,393.515.7063x3346
300,"Black, Butler and Williams",001-521-558-0507x735
301,Huerta-Nelson,001-708-665-1715x3203
302,Cooper Ltd,001-659-291-2039x025
303,Davis Inc,(643)942-9626
304,Christian Group,(283)921-2703x0787
305,Coleman and Sons,459.561.6803x6812
306,"Bennett, Robinson and Drake",437-845-0993
307,"Fritz, Salas and Carey",466-607-0781x35878
308,Owens-Johnson,867-706-4485
309,Johnston-Cole,(318)451-1141x414
310,Bonilla LLC,+1-550-346-6429x21964
311,Walker PLC,6928373397
312,Lee-Cooper,502.941.1462x5106
313,Benson and Sons,823-370-4519x192
314,Cooper and Sons,001-350-362-7150x212
315,Perkins-Blake,296.860.3924x0958
316,Rodriguez-Webster,+1-349-873-1401
317,Smith Inc,001-688-761-5188x353
318,"Floyd, White and King",+1-902-722-9232x95045
319,Humphrey-Jacobs,652.733.2285x445
320,Wilson and Sons,+1-688-625-3735x5632
321,Phillips LLC,001-284-669-4442
322,Jones LLC,001-621-399-9416x49829
323,Bailey PLC,984.260.2475x0816
324,"Smith, Smith and Bray",+1-515-409-6037x000
325,Rowe Group,(956)356-4654x294
326,Lewis-Brooks,+1-870-470-0015x17494
327,Salas LLC,606-712-0117x1487
328,Shaw-Gonzalez,652-759-0519
329,Bass and Sons,365-473-9129x06606
330,Villegas-Valdez,+1-358-434-8908x5974
331,Thompson-Brewer,337-596-6471x94977
332,"Lutz, Brady and Waters",216-281-4219x944
333,"Rios, Young and Rosales",384.697.8409x5102
334,Smith LLC,670-322-8190x079
335,Raymond Ltd,+1-394-464-2802x5369
336,Perry Group,5835592720
337,"Valenzuela, Henry and Hogan",2483095934
338,Gibson Group,728-475-0294x04732
339,"Snyder, Key and Cook",001-472-382-5120x46073
340,Moore-Underwood,+1-230-307-7615x81562
341,"Church, Hebert and Meyer",636.414.8025x349
342,Rodriguez Ltd,467-359-8010x710
343,Gallagher-Kim,(204)673-4795x5399
344,Bowman-Stone,719-692-5770x80525
345,Jacobson Group,+1-774-808-6667x33336
346,"Mccoy, Smith and Bell",001-802-821-3462x358
347,Roth-Herrera,283-831-3122x8691
348,Benitez and Sons,264.355.8304x62413
349,Dominguez Group,(241)894-2705
350,Garcia-Thomas,376.255.3840
351,"Aguilar, Hensley and Sullivan",+1-215-414-3187x900
352,Kennedy LLC,+1-393-797-0630x57815
353,Harper PLC,291.535.9624x316
354,Coleman Inc,001-569-876-6883x467
355,Harper-Marshall,695.651.5473x3310
356,Morgan LLC,992-659-7414x1233
357,"Carson, Mathews and Welch",623-339-8246x572
358,Reilly-Rice,665-454-7431
359,Gray-Knapp,660.660.4244x2949
360,Mayer Inc,6216412412
361,Hanson-Brooks,001-627-486-4372
362,Watson LLC,519-369-7029x32784
363,"Bradford, King and Anderson",666-530-8513x21785
364,Clark-Cobb,628-201-0785x988
365,"Campbell, Martinez and Meyer",+1-623-484-2893x777
366,Nicholson Ltd,7373122895
367,Hood Inc,874-612-8274x65591
368,Simon-Henderson,(604)465-3553x814
369,James-Ruiz,969-266-4959x181
370,"Simmons, Luna and Molina",001-342-958-2015x7864
371,Norris-Monroe,+1-347-659-5526x97623
372,Ramsey-Drake,001-863-413-2824x017
373,Fuller and Sons,749.652.7900
374,"Ball, Mcdaniel and Hurley",+1-668-447-3781x95925
375,Newton-Cobb,+1-716-868-4773x383
376,Floyd PLC,+1-431-804-1590x126
377,Murray Group,+1-338-816-5527x8522
378,Hughes LLC,(335)782-1057x6294
379,Higgins LLC,(939)399-5781x0152
380,Smith-Vasquez,713-755-2574x7127
381,"Richardson, Miller and Ortega",428.350.1833
382,"Hall, Castaneda and Hays",001-393-963-7510x551
383,Campbell-Mendez,974-567-9482x30210
384,Meadows Group,+1-913-256-6872x33773
385,Allen and Sons,+1-715-621-0805x660
386,Thomas-Davenport,924-977-5166
387,Hernandez Inc,001-384-977-9962x86628
388,Moore LLC,+1-701-447-4670x70717
389,"Matthews, Brown and Hines",(332)465-4686
390,"Chambers, Yoder and Murray",+1-778-990-9943x12424
391,Rosario-Mccall,001-272-397-6900x2530
392,Hull LLC,749-988-6952x38919
393,Bradley Inc,(568)847-1115
394,"Alvarez, Johnson and Flynn",609.395.0340
395,Sexton PLC,(702)694-7148x111
396,Robinson-Reed,(378)480-1878x129
397,Delgado PLC,700-263-9134x665
398,Martinez Group,+1-797-383-6943x93110
399,Young-Johnson,+1-514-412-4400
400,Diaz and Sons,404-237-9802
401,Atkins-Rodriguez,875.402.7662
402,"Jarvis, Martin and Kramer",910-540-3838x89094
403,Rogers-Grant,437-619-8523
404,Perry Group,636-986-4461
405,Santiago-Abbott,(820)577-3690x792
406,Moore-Rodriguez,(443)652-2001x279
407,"Carr, Holloway and Willis",+1-310-374-7732x262
408,"Mullins, Allen and Ewing",+1-915-898-4693x783
409,Cooper-Brewer,001-830-248-3291x115
410,Hanna-Ward,+1-903-333-3907x0379
411,Carter PLC,(284)389-8304x749
412,"Calderon, Mayer and Hurley",625.955.7591x2908
413,Rivera PLC,312-211-6265x2885
414,Bird-Harrell,001-408-929-7318x1037
415,Cook-Freeman,702-733-6375
416,Graham Inc,505.908.8564
417,Williams-Hill,001-945-770-9261x0032
418,"Valenzuela, Collins and Roberts",6489078693
419,"Oconnor, Logan and Graham",(543)292-6633x8778
420,Carpenter Ltd,001-959-904-0167x056
421,Jacobs-Morgan,+1-709-585-8958x740
422,"Ayala, Ford and Martin",+1-763-448-6450x6914
423,Arias Ltd,001-786-291-9776x94521
424,Thompson Group,232-538-4887
425,Davis Ltd,319.718.7569x402
426,Chen and Sons,907-315-3585
427,Best-Castro,+1-345-608-6205x0429
428,Potts-Williams,+1-716-314-2799x249
429,Nguyen-Rivera,627-571-8046
430,Ward-Guerra,(252)530-4308x84816
431,Cummings-Diaz,797.469.2615x92171
432,Gill-Berry,365.958.4682
433,"Rodgers, Ross and Williams",826.593.7956
434,Rodriguez-Mendoza,246-445-1787x85121
435,Walter-Johnson,491.548.5352x698
436,Barrera-Harper,598.814.2776x550
437,Avila Ltd,(651)960-9664
438,"Wood, Long and Adams",+1-705-260-5237
439,Evans-Wells,001-462-225-9783
440,Hoover-Padilla,(623)828-9332
441,Andrews and Sons,(676)721-4121
442,Miller-Beck,001-869-688-8990
443,Martin PLC,+1-476-681-2431x2580
444,Winters-Smith,8017427037
445,Smith-Perez,869-332-3242x24453
446,Andrade-Logan,614.747.3155
447,Foster-Thornton,(610)444-8204x876
448,Price Group,3106970479
449,Gonzalez-Cisneros,533.332.7840x039
450,"Chase, Cameron and Buchanan",(215)789-9732x6799
451,Young-Greene,4398839909
452,"Lewis, Moore and Valdez",+1-997-306-8462x146
453,Kemp-Barrett,(310)783-1343
454,Gonzalez-Rocha,5185079458
455,Serrano-Harris,001-486-859-1009x39091
456,"Stanley, Short and Brown",(344)265-3121x54836
457,"Smith, Thompson and Clarke",(664)418-2945
458,Smith-Golden,(454)390-3977
459,Fowler-Holt,589.756.8111
460,George-Brown,4804140248
461,Brady-Hoffman,(673)841-9022x85376
462,Wilkinson-Palmer,+1-859-507-4457x35230
463,"Woodard, Green and Jones",648.651.1517
464,Ramsey Group,616-710-4531x17782
465,Poole-Rodriguez,548.561.6388x794
466,Spears Ltd,+1-349-898-7021x60804
467,"Leach, Morris and Miller",226.425.7962x544
468,Reid and Sons,(992)447-6113
469,Patel and Sons,656-876-8491x152
470,Smith-Thompson,385.664.3871x4526
471,Cortez-Carter,615-504-5036x37837
472,"Miller, Reed and Murray",001-284-343-4253x5291
473,"King, Hutchinson and White",001-489-912-7085x16295
474,Tran and Sons,248.318.7406
475,Woodard-Hernandez,(848)537-1731
476,Sexton-Brown,874.215.8376
477,Beck Ltd,5423156675
478,King and Sons,330.875.5636x754
479,Martinez PLC,476-811-9193
480,"Luna, Torres and Hines",001-818-561-5291x72318
481,Haley Inc,(604)391-5772x9205
482,Rhodes LLC,001-202-862-0749x7712
483,"Austin, Ruiz and Smith",+1-746-737-4642x273
484,"Beard, Newton and Grimes",+1-816-836-1769x8465
485,Newton Group,469-342-6080x2419
486,"Taylor, Santiago and Thomas",6842140548
487,"Morales, Morrison and Hogan",8347682119
488,Brown-Sims,+1-380-451-6830
489,Thomas-Porter,943.296.7403
490,Johnson-Sweeney,795-895-1312
491,Hart and Sons,347-923-5409
492,"Brandt, Pierce and Henry",960-766-7909x88057
493,"Gutierrez, Miller and Perez",841.857.9973
494,Boyd-Reed,(761)533-3673
495,Hernandez-Chase,580.430.9242
496,Robinson-Christensen,+1-744-596-4407x494
497,Evans PLC,8108938017
498,"Hill, Ali and Richardson",+1-775-745-7583x5452
499,Moore-Parsons,+1-322-200-3355x42439
500,Hill-Rogers,001-869-381-2790
