cliente_id,nome,email
1,Misty Cherry,ysanchez@example.com
2,Jesus Young,ocarroll@example.net
3,Elizabeth Smith,pricerobert@example.org
4,Amanda Carpenter,sjohnson@example.org
5,Jonathan Mueller,robertmoore@example.net
6,Christopher Davis,ostewart@example.org
7,Cole Zimmerman,wcooper@example.com
8,Emily Adams,briana45@example.org
9,Susan Bailey,robert06@example.net
10,Ryan Baker,gordonstevens@example.org
11,Heather Brown,sullivandarren@example.org
12,Christine Stevens,alexandra57@example.net
13,Clinton Parker,tiffany98@example.org
14,Amanda West,justinhardy@example.com
15,Amanda Munoz,derrick94@example.org
16,Wesley Fuentes,jgregory@example.net
17,Mark Underwood,villanuevavicki@example.net
18,Ms. Kathleen Wood,idominguez@example.com
19,Angelica Perez,sharon72@example.net
20,Jessica Thompson,michellejohnson@example.com
21,Geoffrey Marsh,stoutpenny@example.com
22,Wesley Richardson,jessicaperez@example.org
23,Preston Johnson,shood@example.org
24,Michael Robinson,hmoss@example.com
25,Elizabeth Smith,bondmichael@example.org
26,Alexandra Parker,patricia09@example.com
27,Mrs. Brittany Powers,madisonsmith@example.com
28,Elizabeth Herrera,sarah57@example.com
29,Robert Nixon,smoore@example.com
30,Robert Williams,ruth34@example.net
31,Katherine Wilson,heidi04@example.net
32,Angela Bryan,jamesjames@example.net
33,Joe Henderson,lmeyer@example.com
34,Robin Brown,tonya64@example.net
35,James James,younghector@example.org
36,Michael Glass,jonesjoshua@example.org
37,Alexander Powell,michael59@example.com
38,Martin Anderson,fhernandez@example.org
39,Cindy Rhodes,lori03@example.com
40,Tina Yang,kennethgarcia@example.net
41,Cynthia Christensen,mary69@example.org
42,Whitney Turner,matthewskari@example.org
43,Cory Farley,samanthaparsons@example.net
44,Angela Carey,kramercaroline@example.net
45,Diane Jacobs,henrycowan@example.net
46,Christina Russo,crystallopez@example.net
47,Joshua Chandler,joyhall@example.net
48,Brandon Bridges,claire38@example.org
49,Cynthia Brown,qstokes@example.org
50,Russell Miller,caseycarter@example.org
51,Karen Burgess,ysavage@example.com
52,Jonathan Wilkerson,craig52@example.com
53,William Vaughan,rickywarren@example.com
54,Scott Hughes,davidmcguire@example.org
55,Andrea Spencer,elizabeth05@example.com
56,David Schultz,roseproctor@example.com
57,Valerie Moreno,adamalexander@example.org
58,Stephanie Rose,floresjulie@example.com
59,William Collier,stephanievelasquez@example.org
60,Deborah Shah,debra80@example.org
61,Lori Jones,gavin14@example.net
62,Denise Turner,oallen@example.com
63,Dawn Wheeler,patriciamartin@example.com
64,Tiffany Powell,sosatina@example.com
65,Edward Moore,yandrews@example.org
66,Beth White,wolfcarmen@example.com
67,Matthew Rodriguez,brownchristopher@example.net
68,Katelyn Merritt,bryan36@example.com
69,Brenda Hogan,waterseric@example.org
70,Austin Randall,hfields@example.com
71,Christina Williams,danielle51@example.com
72,Katelyn Stevens,jessicaanderson@example.org
73,Christine Jackson,dylan85@example.org
74,Dustin Reed,tinajones@example.net
75,Jeremiah Snyder,iduarte@example.com
76,David Galvan,martin47@example.net
77,Debbie Casey,solismelissa@example.org
78,Richard Cook,fergusonsteven@example.org
79,Dustin Rodriguez,james66@example.org
80,Susan Anderson,wnunez@example.net
81,Dr. Bobby Lyons,morrisjohn@example.com
82,Pamela Mclaughlin,danielwilson@example.com
83,Amber Walters,pamelajones@example.org
84,Albert Robinson,staceymartin@example.net
85,Joshua Scott,leedavid@example.net
86,Paula Warren,davisjoseph@example.org
87,Andrea Franklin,grice@example.net
88,Patricia Williams,xfernandez@example.net
89,Christine Phillips,lisadavis@example.net
90,Robert Evans,lthompson@example.com
91,Cynthia Porter,harrisonsean@example.com
92,Dr. Robert Friedman Jr.,kathrynholmes@example.org
93,Michael Brooks,davidmahoney@example.com
94,Justin Peterson,millerjoseph@example.net
95,Jason Martinez,fhernandez@example.com
96,Mindy Kim,jaredtate@example.net
97,Krista Smith,scottlopez@example.com
98,Gary Lopez,taylor77@example.org
99,Rebecca Aguilar,thomasschultz@example.net
100,Brian Bowers,grantheidi@example.net
101,Charles Diaz,brettsmall@example.org
102,Andrew Diaz,lindseykeller@example.com
103,Kristine Long,amy94@example.com
104,Erica Bray,moorenatalie@example.net
105,Richard Chapman,ojohnson@example.net
106,Stephanie Rose,smithharold@example.com
107,Thomas Hill,myersryan@example.org
108,Brenda Sims,ocurtis@example.net
109,Alfred Mitchell,ngardner@example.org
110,Christopher Knapp,walkerandrew@example.net
111,Philip Hunt,robert08@example.net
112,Daniel Black,joshua30@example.org
113,Chris Ryan,imccarthy@example.com
114,Robert Pratt,megan90@example.com
115,Steve Mcneil,xcampbell@example.org
116,Marcus Arnold,zhahn@example.net
117,Carrie Lewis,gregorywilliams@example.net
118,Cristian Miller,brianbaxter@example.com
119,Stephanie Kent,duartenathaniel@example.com
120,Christopher Haynes,jonesapril@example.org
121,Kyle Evans,rebekahjohnson@example.com
122,Susan James,jedwards@example.org
123,Thomas Murray,moralesjessica@example.com
124,Drew Duncan,rhernandez@example.net
125,Raymond Jones,emoore@example.com
126,Clayton Sawyer,qmartinez@example.net
127,Nicholas Brown,rebeccacooper@example.org
128,Kerry Moreno,ashleypaul@example.org
129,Leah Evans DDS,vlamb@example.org
130,Katelyn Jones,samantha95@example.com
131,Charles Flores,drakerichard@example.org
132,Jerry Mercado,aflores@example.org
133,Sheila Carter,toddanderson@example.net
134,Brenda Rodriguez,davidbennett@example.org
135,Mrs. Sheri Cunningham DVM,tylerfreeman@example.org
136,Jorge Perez,dawnreyes@example.com
137,Joseph Nguyen,raymondgarcia@example.net
138,Andrea White,joybooker@example.org
139,Laura Daniels,gmorrow@example.org
140,Philip Roberts,andrea14@example.com
141,Michelle Chapman,petersonmichael@example.com
142,Jeffrey Hendrix,bcoleman@example.com
143,Stephen Blair,figueroatimothy@example.net
144,Diana Levine,greenrebekah@example.net
145,Carolyn Griffin,ortizsamantha@example.net
146,Richard Marks,hopkinsrobert@example.com
147,Jonathan Ingram,nicole54@example.com
148,Scott Green,martinjessica@example.net
149,Lucas Powell,danielmcmillan@example.com
150,Joanna Gonzales,jesseross@example.net
151,Ian Williams,johnvelasquez@example.com
152,Cindy Graves,iward@example.net
153,Valerie Edwards,alansingleton@example.net
154,Kenneth Peterson,christopher50@example.net
155,Anna Morrison,joseph32@example.com
156,Robert White,glenn93@example.org
157,Rachel Stokes,ljefferson@example.net
158,Meghan Turner,jessica39@example.net
159,Autumn Blevins,stephaniemurray@example.org
160,Jerry Washington,rodgerskatherine@example.com
161,Traci Hernandez,luisgrant@example.org
162,Jeanne Peterson,lindsay08@example.com
163,Teresa Kennedy,erichenderson@example.org
164,Melissa Jordan,wardshannon@example.com
165,Jenny Moran,nicholas29@example.com
166,Pamela Nelson,jenniferjohnson@example.com
167,Alexis Marks,ryanbush@example.com
168,Madison Miller,katiewood@example.com
169,Tanner Johns,gillnatasha@example.net
170,Sheri Patterson,christine35@example.net
171,Heather Dudley,brianmiller@example.org
172,Andrea Hall,pweaver@example.org
173,Carlos Hatfield,brockjohn@example.com
174,Mary Mcdonald,zcook@example.net
175,Bryan Moore,andrew47@example.net
176,Dominique Spencer,jesusvalentine@example.net
177,Tamara Rodriguez,oestes@example.net
178,Charles Clark,halvarez@example.com
179,Mary Wilson,marshallrobert@example.com
180,Bailey Richards,alexandrabailey@example.org
181,Brian Mcclure,henryerin@example.org
182,Calvin Brown,alexathomas@example.net
183,Paul Cohen,michelleramsey@example.com
184,Steven Smith,pli@example.com
185,Sean Garcia,kennethsmith@example.org
186,Donna Dennis,karenrush@example.com
187,Monique Orr,cooperjames@example.org
188,Michael Burch,cruznicholas@example.com
189,Destiny Horn,robert81@example.com
190,Alexandra Schmidt,elizabethwalker@example.com
191,Andrea Wu,annduncan@example.org
192,Jeffrey Miller DDS,amberglover@example.org
193,Brett Mccall,obrown@example.com
194,Victoria Lara,moorekathleen@example.org
195,Omar Anderson,travislacey@example.com
196,Brittany Sharp,katherine61@example.com
197,Brandon Stewart,fsandoval@example.org
198,Priscilla Young,rpayne@example.net
199,Lauren Cruz PhD,alexa61@example.net
200,Ashley Parker,jamescatherine@example.org
201,Victor Carlson,bmartinez@example.org
202,Tyler Collins,ychambers@example.net
203,Sean Barton,bhaynes@example.com
204,Laura Thompson,lhopkins@example.com
205,Mary Alvarez,kimberly37@example.net
206,Brittany Murphy,rosephyllis@example.com
207,Kim Parker,meyerskyle@example.org
208,Robert Frederick,xford@example.com
209,Nicholas Walter,phillip63@example.org
210,Jeffrey Davis,corywheeler@example.net
211,Mario Garcia,cheryl68@example.org
212,Stacey Huff,walkerapril@example.com
213,Jason Ellis,kturner@example.com
214,Laura Dalton,uchang@example.org
215,Allison Evans,pgomez@example.com
216,Tina Hill,fyang@example.net
217,Nicole Morales,abigailfrazier@example.net
218,Dennis Williams,christopherross@example.org
219,Robert Burton,iball@example.net
220,David Watson,mrogers@example.net
221,Steven Crane,colin35@example.org
222,Paula Buchanan,harrisnatalie@example.com
223,Jennifer Walker,everettfernando@example.com
224,Cody Vaughan,robinsonedward@example.com
225,Diane Reyes,dylan91@example.com
226,Ashley Alexander,miguel35@example.com
227,Dr. Katherine Holt,sjohnson@example.net
228,Jonathan Larson,bgreen@example.org
229,Anthony Allen,kirkjohn@example.org
230,Anthony Miller,oarmstrong@example.org
231,Brittney Herman,austinwilliams@example.com
232,Madeline Bond,rebeccamassey@example.net
233,Nicholas Bullock,tyoung@example.net
234,Susan Nelson,julieortiz@example.com
235,Sarah Cabrera,tateamanda@example.net
236,Mary Bass,colinbell@example.com
237,Katelyn Miller,orichardson@example.com
238,Carol Mendoza,ismith@example.net
239,Bryan Dalton,qward@example.com
240,Todd Brown,nicole47@example.net
241,John Arias,njohnson@example.org
242,Victoria Henry,watsonnatalie@example.net
243,Rebekah Walters,usantiago@example.org
244,Anna Smith,nicole38@example.com
245,David Hodges,lisamayo@example.com
246,Kiara Hernandez,smithrobert@example.com
247,David Rivas,sandra48@example.net
248,Jennifer Ferguson,jonathanreed@example.net
249,Carrie Hayes,pfrey@example.net
250,Natalie Miller,nburnett@example.net
251,Loretta Waller,ahamilton@example.com
252,Leah Mcgrath,berrymegan@example.com
253,Toni Larson,linda07@example.org
254,Riley Green,melissataylor@example.net
255,Tamara Booth,rachelsmith@example.net
256,Raymond Myers,zphelps@example.com
257,Desiree Sampson,alynch@example.net
258,Joseph Diaz,smithjames@example.net
259,Bradley White,michael25@example.net
260,Travis Williamson,christopherwalters@example.com
261,Judith Glover,terrianderson@example.com
262,Marie Spears,dunnnancy@example.com
263,Chelsea Brown,taylor24@example.com
264,Benjamin Johnston DVM,robert25@example.net
265,Shawn Goodman,jessicarodriguez@example.net
266,Chelsea Perez,robertsdaniel@example.net
267,Sarah Martin,tonyabaker@example.net
268,Krista Haney,nanderson@example.net
269,Susan Williams,kdennis@example.com
270,David Ellis,jared23@example.net
271,David Nunez,meagan67@example.com
272,Madison Mccall,jerrybailey@example.com
273,Stephen Harrison,uingram@example.com
274,Patricia Lee,cartermichelle@example.net
275,James Brown,ralphcain@example.net
276,Norma Gutierrez,rrocha@example.com
277,Brian Bailey,kristinbowman@example.com
278,Christine Warner,tyronecook@example.org
279,Angela Allen,richard20@example.com
280,Harold Williams,kevin66@example.net
281,Jennifer Green,grice@example.net
282,Breanna Smith,daniellekelly@example.com
283,Alisha Smith,ryanbailey@example.com
284,Jessica Garcia,heathjoyce@example.net
285,Jeffrey Jennings,spearsgary@example.org
286,Jason Scott,kmarsh@example.net
287,Emily Smith,carl55@example.org
288,Katherine Phillips,duane04@example.com
289,Sean Alexander,emily21@example.org
290,Amanda Herrera,petersrobert@example.com
291,Angela Williams,marystewart@example.net
292,Thomas Castro,riverarichard@example.org
293,William Miller,oconnortyler@example.net
294,Shawn Roberts,ynolan@example.com
295,Carl Lutz,jason63@example.net
296,Alvin Santana,kevingonzales@example.org
297,April Johnson,jeffrey92@example.net
298,Barbara Roth,carriemiller@example.com
299,Nicole Bryant,kelli35@example.org
300,Samuel Miles,maloneandrew@example.org
301,Joseph Baker,saragreen@example.net
302,Linda Davis,hkirk@example.org
303,Jordan Rice,vicki86@example.net
304,Sean Hatfield,qwashington@example.org
305,Tim Murphy,anthony73@example.org
306,Frank Garcia,robert15@example.com
307,Ronald Reyes,mmoore@example.net
308,Tami Bray,jamessingh@example.org
309,Brian Sanchez,weberpatrick@example.com
310,Joseph Baker,heatherduffy@example.net
311,Ashley Johnson,william95@example.net
312,Victoria Phillips,selliott@example.net
313,Jacob Marshall,angela99@example.net
314,John Maldonado,joannaperkins@example.com
315,Justin Ward,rachelpatel@example.org
316,Lauren Smith,paul27@example.com
317,Joe Escobar,nelsonlauren@example.com
318,Martin Richardson,mthomas@example.net
319,Zachary Lawson,johnbates@example.org
320,Jessica Dunn,austin84@example.org
321,Anthony Wilson,ricky54@example.com
322,Jennifer Ford,cassandrafowler@example.net
323,Brooke Hoffman,hickslisa@example.org
324,Mrs. Tonya Moon,ebass@example.com
325,Kim Curtis,jennifer12@example.com
326,Angelica Spence,chadvasquez@example.net
327,Ryan Brady,andres74@example.com
328,Roger Thomas,vanessaterrell@example.org
329,Patrick Soto,joshua22@example.com
330,Tina Fischer,williamcraig@example.com
331,Peggy Olson,gibbsdenise@example.net
332,Laurie Rodriguez,yjenkins@example.org
333,Ian Jackson,kevinlopez@example.net
334,Lisa Parks,brownerin@example.com
335,Richard Hudson,kalexander@example.net
336,Vicki Turner,elizabethjohnson@example.net
337,Kristin Evans,cburke@example.net
338,Robert Peterson,lutzbrian@example.org
339,Stephen Jensen,bradleygoodwin@example.org
340,Rachel Simmons,christopher25@example.com
341,John Young,sarah38@example.net
342,Lucas Travis,btaylor@example.org
343,Melissa Murphy,vlewis@example.org
344,Christine Hill MD,jose42@example.org
345,Megan Short,bridget80@example.org
346,Connor Jackson,robertwall@example.com
347,Alex Wheeler,cbaldwin@example.org
348,Rodney Martinez,rowelance@example.net
349,Paige Davis,maryconner@example.org
350,Jacob Griffin,buckleyerica@example.net
351,Yolanda Wilkerson,cortezderek@example.org
352,Alyssa Singh,karenboyer@example.com
353,Kim Romero,courtneyedwards@example.org
354,Chelsea Wright,corylee@example.com
355,Andrew Baker,hmitchell@example.net
356,Harold Moore,taylorcourtney@example.org
357,Sheila Walker,kortiz@example.com
358,Juan Adams,debra21@example.net
359,Jocelyn Gregory,gregory90@example.org
360,Jennifer Prince,robersondaniel@example.com
361,Kyle Johnston,charles45@example.com
362,Margaret Holt,mary71@example.net
363,Briana Harris,brandongarcia@example.org
364,Rachael Oneal,henryjohnny@example.com
365,Mary Stokes,julietrevino@example.com
366,Anthony Davis,fnorton@example.net
367,Jim Vaughan,johnsonwyatt@example.org
368,Kristin Clark,awallace@example.com
369,Michelle Hernandez,sandra01@example.net
370,Elizabeth Patterson,dustin33@example.org
371,Heather Chavez,joshuaspence@example.org
372,Matthew Moore,dannyhorne@example.com
373,Timothy Mathis,gillkarl@example.net
374,Christy Meyer,csullivan@example.org
375,Angela Turner,cassandrahill@example.com
376,Patricia Garrett,amanda97@example.org
377,Ruth Aguilar,fjoseph@example.org
378,Matthew Diaz,quinnjoshua@example.net
379,Taylor Oliver,kimberly27@example.net
380,Mary Ramirez,porterchris@example.org
381,James Nunez,rpatel@example.com
382,Tyrone Martinez,lcummings@example.com
383,Kathleen Lawson,vromero@example.org
384,Dr. Angel Martinez,davischristina@example.net
385,Darlene Rodriguez,marvinbrown@example.net
386,Erica Williams,bakerkristen@example.net
387,Natalie Orozco,ltaylor@example.net
388,Rodney Fowler,sferguson@example.org
389,Roberta Townsend,yramirez@example.org
390,Victoria Jones,soconnor@example.net
391,Robin Price,heather50@example.net
392,Patrick Molina,jodiflores@example.com
393,Shannon Hebert,hkirk@example.net
394,Allen Miller,williamsdeborah@example.org
395,Bobby Skinner,gregorynewman@example.org
396,Derek Davis,crodriguez@example.org
397,Kevin Miranda,bsnyder@example.net
398,Antonio Morse,edward66@example.org
399,John White,jordanbarbara@example.net
400,Vanessa Hammond,lopezthomas@example.net
401,Billy Hoffman,kgolden@example.com
402,Phillip Gutierrez,shawnclark@example.org
403,Jason Herman,dorothy94@example.org
404,Kristina Sellers,lnash@example.com
405,Carly Green,dfowler@example.net
406,Trevor Woods,megan37@example.net
407,Laura Zhang,xsanchez@example.net
408,Elizabeth Bowers,martinmichael@example.net
409,Michael Harvey,robertmann@example.com
410,Katie Cooley,cnelson@example.com
411,Dawn Austin,ylawson@example.org
412,Gregory Deleon,mooregerald@example.org
413,Andre Carroll,vazquezadam@example.net
414,Charles Robertson,gibbsjonathan@example.net
415,Jerry Campbell,djohnson@example.org
416,Brian Green,raymondharper@example.com
417,Mrs. Melissa Snyder,kevin51@example.net
418,Norma Edwards,fernandowatson@example.org
419,Glenn Decker,ruthharris@example.org
420,Erin Murphy,fcantu@example.com
421,Jocelyn Ferguson,evanmoreno@example.com
422,Karen Lynch,justinmueller@example.org
423,Mark Fletcher,mmcclure@example.com
424,Wendy Wright,lortiz@example.net
425,Joseph Erickson,kevinoliver@example.org
426,Corey Sutton,jeremiah18@example.com
427,Anna Washington,josemathis@example.org
428,Wendy Gregory,jacksonregina@example.net
429,Keith Perry,danielrobinson@example.com
430,Kathleen Wilson,andrewpatterson@example.com
431,Monique Macdonald,zjoseph@example.com
432,Samantha Morrison,hernandezcesar@example.net
433,Ana Mcclure,bryan20@example.org
434,Melissa Williams,hjones@example.org
435,Leonard Jimenez,villanuevajimmy@example.com
436,Ryan Hansen,fkidd@example.net
437,James Dixon,burnscathy@example.com
438,Warren Jones,rwilliams@example.org
439,Angela Williams,perezdonald@example.org
440,Robert Knight,martinezanthony@example.org
441,Zachary Chan,norriscassidy@example.net
442,Chad Silva,rodriguezteresa@example.com
443,Leah Young,vwilson@example.net
444,Alexandra Singleton,adamwebb@example.org
445,Melissa Faulkner,samantha31@example.net
446,Melanie Baker,phyllisramos@example.com
447,Heather Klein,walkercraig@example.com
448,Krista Jones,yolanda26@example.com
449,Julie Griffin,abigail69@example.com
450,Cody Martin,davismark@example.com
451,Michelle Simpson,jodi14@example.net
452,Alexander Murray,evan55@example.com
453,Patricia Flores,johnsonrobert@example.com
454,Ariel Swanson,garciapatrick@example.org
455,Rebecca Castillo,llewis@example.net
456,Gary Bryant,zhernandez@example.com
457,Anita Evans,alvaradoluis@example.net
458,Katelyn Brown,hdunn@example.net
459,Gail Porter,moyerjoshua@example.net
460,Mary Johnson,michael26@example.com
461,Joshua Kelly,hsullivan@example.com
462,Thomas Gilbert,michelle02@example.net
463,Julie Ramirez,joanne46@example.org
464,Alexander Webb,karenhicks@example.com
465,Timothy Ball,joshuamills@example.net
466,Travis Hodge,hayescrystal@example.net
467,Amanda Arnold,meganmartin@example.org
468,Jamie Saunders,marco71@example.org
469,Juan Johnson,gregory29@example.net
470,Krystal Ward,qking@example.net
471,Heather Montgomery,vmack@example.org
472,Cheryl Powers,xochoa@example.org
473,Keith Davis,matthewpaul@example.org
474,Cassandra Figueroa,carloswatson@example.org
475,Dominic Watkins,floresmichael@example.net
476,Larry Hinton,bondelijah@example.net
477,Jennifer Caldwell,john73@example.org
478,Sandra Bowen,alvarezalyssa@example.com
479,Christine Li,ngarcia@example.net
480,Carrie Vargas,whiteheather@example.com
481,Timothy Wheeler,smithrose@example.org
482,Carol Murray,harrisjames@example.org
483,Eric Dennis,pauldavenport@example.org
484,Paul Swanson,smithkaren@example.org
485,Dr. Manuel Jackson,garciarichard@example.org
486,Sherri Rhodes,charlottestewart@example.org
487,Nancy Chen,mshelton@example.net
488,Stephanie Jackson,davisdonald@example.org
489,Karla Miller,folson@example.org
490,Sean Pierce,eddie01@example.com
491,Victoria Wright,jameshouston@example.org
492,Miss Emily Wright,hshannon@example.com
493,Brianna Ramos,michelle87@example.net
494,Diane Clark,martinezlisa@example.org
495,David Norris,savannah31@example.com
496,Jeffrey West,ysims@example.com
497,Scott Thomas,whitebrandon@example.org
498,Denise Chavez,carlosmurphy@example.org
499,Kevin Palmer,riveracharles@example.org
500,Susan Campbell,shawn19@example.org
